Workbook

Sheet Component consumptions
Q1: Nominal | U1: Maximum
B2: Component | C2: Voltage (V) | D2: Nominal current (A) | E2: Maximum current (A) | F2: Nominal power (W) | G2: Maximum power (W) | Q2: 3.3 | R2: 5 | S2: 7 | U2: 3.3 | V2: 5 | W2: 7
B3: ESP32 S3 | C3: 3.3 | D3: 0.02 | E3: 0.1 | F3: =$C3*D3 -> 0.066 | G3: =$C3*E3 -> 0.33 | Q3: =IF($C3=Q$2,$D3,0) -> 0.02 | R3: =IF($C3=R$2,$D3,0) -> 0 | S3: =IF($C3=S$2,$D3,0) -> 0 | U3: =IF($C3=U$2,$E3,0) -> 0.1 | V3: =IF($C3=V$2,$E3,0) -> 0 | W3: =IF($C3=W$2,$E3,0) -> 0
B4: Compute module 5 | C4: 5 | D4: 0.9 | E4: 1.5 | F4: =$C4*D4 -> 4.5 | G4: =$C4*E4 -> 7.5 | Q4: =IF($C4=Q$2,$D4,0) -> 0 | R4: =IF($C4=R$2,$D4,0) -> 0.9 | S4: =IF($C4=S$2,$D4,0) -> 0 | U4: =IF($C4=U$2,$E4,0) -> 0 | V4: =IF($C4=V$2,$E4,0) -> 1.5 | W4: =IF($C4=W$2,$E4,0) -> 0
B5: A4988 Stepper Motor Driver + motor | C5: 7 | D5: 0.5 | E5: 0.5 | F5: =$C5*D5 -> 3.5 | G5: =$C5*E5 -> 3.5 | Q5: =IF($C5=Q$2,$D5,0) -> 0 | R5: =IF($C5=R$2,$D5,0) -> 0 | S5: =IF($C5=S$2,$D5,0) -> 0.5 | U5: =IF($C5=U$2,$E5,0) -> 0 | V5: =IF($C5=V$2,$E5,0) -> 0 | W5: =IF($C5=W$2,$E5,0) -> 0.5
B6: ULN2003 Stepper Driver Board + motor | C6: 5 | D6: 0.5 | E6: 0.5 | F6: =$C6*D6 -> 2.5 | G6: =$C6*E6 -> 2.5 | Q6: =IF($C6=Q$2,$D6,0) -> 0 | R6: =IF($C6=R$2,$D6,0) -> 0.5 | S6: =IF($C6=S$2,$D6,0) -> 0 | U6: =IF($C6=U$2,$E6,0) -> 0 | V6: =IF($C6=V$2,$E6,0) -> 0.5 | W6: =IF($C6=W$2,$E6,0) -> 0
B7: BME280 | C7: 3.3 | D7: 3.6e-06 | E7: 3.6e-06 | F7: =$C7*D7 -> 1.188e-05 | G7: =$C7*E7 -> 1.188e-05 | Q7: =IF($C7=Q$2,$D7,0) -> 3.6e-06 | R7: =IF($C7=R$2,$D7,0) -> 0 | S7: =IF($C7=S$2,$D7,0) -> 0 | U7: =IF($C7=U$2,$E7,0) -> 3.6e-06 | V7: =IF($C7=V$2,$E7,0) -> 0 | W7: =IF($C7=W$2,$E7,0) -> 0
B8: Kingston NV3 NVMe SSD M.2 2230 (128g) | C8: 3.3 | D8: 1 | E8: 2.5 | F8: =$C8*D8 -> 3.3 | G8: =$C8*E8 -> 8.25 | Q8: =IF($C8=Q$2,$D8,0) -> 1 | R8: =IF($C8=R$2,$D8,0) -> 0 | S8: =IF($C8=S$2,$D8,0) -> 0 | U8: =IF($C8=U$2,$E8,0) -> 2.5 | V8: =IF($C8=V$2,$E8,0) -> 0 | W8: =IF($C8=W$2,$E8,0) -> 0
B9: LED PCB | C9: 5 | D9: 0.1 | E9: 0.1 | F9: =$C9*D9 -> 0.5 | G9: =$C9*E9 -> 0.5 | Q9: =IF($C9=Q$2,$D9,0) -> 0 | R9: =IF($C9=R$2,$D9,0) -> 0.1 | S9: =IF($C9=S$2,$D9,0) -> 0 | U9: =IF($C9=U$2,$E9,0) -> 0 | V9: =IF($C9=V$2,$E9,0) -> 0.1 | W9: =IF($C9=W$2,$E9,0) -> 0
B10: Module Caméra v2 8MP | C10: 3.3 | D10: 0.25 | E10: 0.25 | F10: =$C10*D10 -> 0.825 | G10: =$C10*E10 -> 0.825 | Q10: =IF($C10=Q$2,$D10,0) -> 0.25 | R10: =IF($C10=R$2,$D10,0) -> 0 | S10: =IF($C10=S$2,$D10,0) -> 0 | U10: =IF($C10=U$2,$E10,0) -> 0.25 | V10: =IF($C10=V$2,$E10,0) -> 0 | W10: =IF($C10=W$2,$E10,0) -> 0
B11: Honeywell ABP Pressure Sensor | C11: 3.3 | D11: 0.0031 | E11: 0.0039 | F11: =$C11*D11 -> 0.01023 | G11: =$C11*E11 -> 0.01287 | Q11: =IF($C11=Q$2,$D11,0) -> 0.0031 | R11: =IF($C11=R$2,$D11,0) -> 0 | S11: =IF($C11=S$2,$D11,0) -> 0 | U11: =IF($C11=U$2,$E11,0) -> 0.0039 | V11: =IF($C11=V$2,$E11,0) -> 0 | W11: =IF($C11=W$2,$E11,0) -> 0
B12: Sensirion SLF3S-0600F Liquid Flow Sensor | C12: 3.3 | D12: 0.0045 | E12: 0.006 | F12: =$C12*D12 -> 0.01485 | G12: =$C12*E12 -> 0.0198 | Q12: =IF($C12=Q$2,$D12,0) -> 0.0045 | R12: =IF($C12=R$2,$D12,0) -> 0 | S12: =IF($C12=S$2,$D12,0) -> 0 | U12: =IF($C12=U$2,$E12,0) -> 0.006 | V12: =IF($C12=V$2,$E12,0) -> 0 | W12: =IF($C12=W$2,$E12,0) -> 0
B13: LSM6DSMTR | C13: 3.3 | D13: 0.00045 | E13: 0.00065 | F13: =$C13*D13 -> 0.001485 | G13: =$C13*E13 -> 0.002145 | Q13: =IF($C13=Q$2,$D13,0) -> 0.00045 | R13: =IF($C13=R$2,$D13,0) -> 0 | S13: =IF($C13=S$2,$D13,0) -> 0 | U13: =IF($C13=U$2,$E13,0) -> 0.00065 | V13: =IF($C13=V$2,$E13,0) -> 0 | W13: =IF($C13=W$2,$E13,0) -> 0
B14: MAX31865ATP+ | C14: 3.3 | D14: 0.002 | E14: 0.0035 | F14: =$C14*D14 -> 0.0066 | G14: =$C14*E14 -> 0.01155 | Q14: =IF($C14=Q$2,$D14,0) -> 0.002 | R14: =IF($C14=R$2,$D14,0) -> 0 | S14: =IF($C14=S$2,$D14,0) -> 0 | U14: =IF($C14=U$2,$E14,0) -> 0.0035 | V14: =IF($C14=V$2,$E14,0) -> 0 | W14: =IF($C14=W$2,$E14,0) -> 0
... B17: W25Q01JVZEIQ | C17: 3.3 | D17: 1e-05 | E17: 0.1 | F17: =$C17*D17 -> 3.3e-05 | G17: =$C17*E17 -> 0.33 | Q17: =IF($C17=Q$2,$D17,0) -> 1e-05 | R17: =IF($C17=R$2,$D17,0) -> 0 | S17: =IF($C17=S$2,$D17,0) -> 0 | U17: =IF($C17=U$2,$E17,0) -> 0.1 | V17: =IF($C17=V$2,$E17,0) -> 0 | W17: =IF($C17=W$2,$E17,0) -> 0
Q18: =IF($C18=Q$2,$D18,0) -> 0 | R18: =IF($C18=R$2,$D18,0) -> 0 | S18: =IF($C18=S$2,$D18,0) -> 0 | U18: =IF($C18=U$2,$E18,0) -> 0 | V18: =IF($C18=V$2,$E18,0) -> 0 | W18: =IF($C18=W$2,$E18,0) -> 0
Q19: =IF($C19=Q$2,$D19,0) -> 0 | R19: =IF($C19=R$2,$D19,0) -> 0 | S19: =IF($C19=S$2,$D19,0) -> 0 | U19: =IF($C19=U$2,$E19,0) -> 0 | V19: =IF($C19=V$2,$E19,0) -> 0 | W19: =IF($C19=W$2,$E19,0) -> 0
Q20: =IF($C20=Q$2,$D20,0) -> 0 | R20: =IF($C20=R$2,$D20,0) -> 0 | S20: =IF($C20=S$2,$D20,0) -> 0 | U20: =IF($C20=U$2,$E20,0) -> 0 | V20: =IF($C20=V$2,$E20,0) -> 0 | W20: =IF($C20=W$2,$E20,0) -> 0
Q21: =IF($C21=Q$2,$D21,0) -> 0 | R21: =IF($C21=R$2,$D21,0) -> 0 | S21: =IF($C21=S$2,$D21,0) -> 0 | U21: =IF($C21=U$2,$E21,0) -> 0 | V21: =IF($C21=V$2,$E21,0) -> 0 | W21: =IF($C21=W$2,$E21,0) -> 0
Q22: =IF($C22=Q$2,$D22,0) -> 0 | R22: =IF($C22=R$2,$D22,0) -> 0 | S22: =IF($C22=S$2,$D22,0) -> 0 | U22: =IF($C22=U$2,$E22,0) -> 0 | V22: =IF($C22=V$2,$E22,0) -> 0 | W22: =IF($C22=W$2,$E22,0) -> 0
Q23: =IF($C23=Q$2,$D23,0) -> 0 | R23: =IF($C23=R$2,$D23,0) -> 0 | S23: =IF($C23=S$2,$D23,0) -> 0 | U23: =IF($C23=U$2,$E23,0) -> 0 | V23: =IF($C23=V$2,$E23,0) -> 0 | W23: =IF($C23=W$2,$E23,0) -> 0
Q24: =IF($C24=Q$2,$D24,0) -> 0 | R24: =IF($C24=R$2,$D24,0) -> 0 | S24: =IF($C24=S$2,$D24,0) -> 0 | U24: =IF($C24=U$2,$E24,0) -> 0 | V24: =IF($C24=V$2,$E24,0) -> 0 | W24: =IF($C24=W$2,$E24,0) -> 0
Q25: =IF($C25=Q$2,$D25,0) -> 0 | R25: =IF($C25=R$2,$D25,0) -> 0 | S25: =IF($C25=S$2,$D25,0) -> 0 | U25: =IF($C25=U$2,$E25,0) -> 0 | V25: =IF($C25=V$2,$E25,0) -> 0 | W25: =IF($C25=W$2,$E25,0) -> 0
Q26: =IF($C26=Q$2,$D26,0) -> 0 | R26: =IF($C26=R$2,$D26,0) -> 0 | S26: =IF($C26=S$2,$D26,0) -> 0 | U26: =IF($C26=U$2,$E26,0) -> 0 | V26: =IF($C26=V$2,$E26,0) -> 0 | W26: =IF($C26=W$2,$E26,0) -> 0
Q27: =IF($C27=Q$2,$D27,0) -> 0 | R27: =IF($C27=R$2,$D27,0) -> 0 | S27: =IF($C27=S$2,$D27,0) -> 0 | U27: =IF($C27=U$2,$E27,0) -> 0 | V27: =IF($C27=V$2,$E27,0) -> 0 | W27: =IF($C27=W$2,$E27,0) -> 0
Q28: =IF($C28=Q$2,$D28,0) -> 0 | R28: =IF($C28=R$2,$D28,0) -> 0 | S28: =IF($C28=S$2,$D28,0) -> 0 | U28: =IF($C28=U$2,$E28,0) -> 0 | V28: =IF($C28=V$2,$E28,0) -> 0 | W28: =IF($C28=W$2,$E28,0) -> 0
Q29: =IF($C29=Q$2,$D29,0) -> 0 | R29: =IF($C29=R$2,$D29,0) -> 0 | S29: =IF($C29=S$2,$D29,0) -> 0 | U29: =IF($C29=U$2,$E29,0) -> 0 | V29: =IF($C29=V$2,$E29,0) -> 0 | W29: =IF($C29=W$2,$E29,0) -> 0
... Q55: =IF($C55=Q$2,$D55,0) -> 0 | R55: =IF($C55=R$2,$D55,0) -> 0 | S55: =IF($C55=S$2,$D55,0) -> 0 | U55: =IF($C55=U$2,$E55,0) -> 0 | V55: =IF($C55=V$2,$E55,0) -> 0 | W55: =IF($C55=W$2,$E55,0) -> 0

Sheet Regulator dissipation and total
B2: Nominal
B3: Regulator output voltage (V) | C3: Efficiency | D3: Output current (A) | E3: Output power (W) | F3: Input power (W) | G3: Dissipated power (W) | M3: Flight time (h)
B4: 3.3 | C4: 0.9 | D4: =SUM('Component consumptions'!Q3:Q87) -> 1.2808136 | E4: =B4*D4 -> 4.2266849 | F4: =E4/C4 -> 4.6963165 | G4: =F4-E4 -> 0.46963165 | M4: 4
B5: 5 | C5: 0.9 | D5: =SUM('Component consumptions'!R3:R87) -> 2.5 | E5: =B5*D5 -> 12.5 | F5: =E5/C5 -> 13.888889 | G5: =F5-E5 -> 1.3888889
B6: 7 | C6: 0.9 | D6: =SUM('Component consumptions'!S3:S87) -> 0.5 | E6: =B6*D6 -> 3.5 | F6: =E6/C6 -> 3.8888889 | G6: =F6-E6 -> 0.38888889
C7: Input power (W) | D7: Input voltage (V) | E7: Input current (A) | F7: Energy (Wh) | G7: Charge (Ah)
B8: TOTAL | C8: =SUM(F4:F6) -> 22.474094 | D8: 28 | E8: =C8/D8 -> 0.80264623 | F8: =C8*$M$4 -> 89.896377 | G8: =E8*$M$4 -> 3.2105849
B9: +10% margin | C9: =C8*1.1 -> 24.721504 | D9: 28 | E9: =C9/D9 -> 0.88291085 | F9: =C9*$M$4 -> 98.886015 | G9: =E9*$M$4 -> 3.5316434
B12: Maximum
B13: Regulator output voltage (V) | C13: Efficiency | D13: Output current (A) | E13: Output power (W) | F13: Input power (W) | G13: Dissipated power (W)
B14: 3.3 | C14: 0.9 | D14: =SUM('Component consumptions'!U3:U87) -> 2.9652536 | E14: =B14*D14 -> 9.7853369 | F14: =E14/C14 -> 10.872597 | G14: =F14-E14 -> 1.0872597
B15: 5 | C15: 0.9 | D15: =SUM('Component consumptions'!V3:V87) -> 3.1 | E15: =B15*D15 -> 15.5 | F15: =E15/C15 -> 17.222222 | G15: =F15-E15 -> 1.7222222
B16: 7 | C16: 0.9 | D16: =SUM('Component consumptions'!W3:W87) -> 0.5 | E16: =B16*D16 -> 3.5 | F16: =E16/C16 -> 3.8888889 | G16: =F16-E16 -> 0.38888889
C17: Input power (W) | D17: Input voltage (V) | E17: Input current (A) | F17: Energy (Wh) | G17: Charge (Ah)
B18: TOTAL | C18: =SUM(F14:F16) -> 31.983708 | D18: 24 | E18: =C18/D18 -> 1.3326545 | F18: =C18*$M$4 -> 127.93483 | G18: =E18*$M$4 -> 5.3306179
B19: +10% margin | C19: =C18*1.1 -> 35.182078 | D19: 24 | E19: =C19/D19 -> 1.4659199 | F19: =C19*$M$4 -> 140.72831 | G19: =E19*$M$4 -> 5.8636797
